Employ ID,fi
CASHAW,CA
NLSMITH,NL
ADKAY,AD
JDAUMANN,JD
SRLILLY,SR
VMFRAZIER,VM
WFVIDMAR,WF
ENKREMER,EN
JTGAST,JT
JARINGER,JA
JBSZABO,JB
JMHOPFER,JM
AEGUGLIELMI,AE
AMZURA,AM
MWLATHAM,MW
SASMITH,SA
BNGRACE,BN
MLROHR,ML
DMSPROWL,DM
EMCOFFEY,EM
JJPRICE,JJ
NAMONTERROZA,NA
RMRETTGER,RM
ASFARROW,AS
JMBJORKMAN,JM
ANYOUNG,AN
HLYU,HL
ELUKA,EL
ARHEUSER,AR
EEREDMAN,EE
SRLILLY,SR
BNGRACE,BN
VMFRAZIER,VM
AMZURA,AM
DMSPROWL,DM
JDAUMANN,JD
JBSZABO,JB
MLROHR,ML
JMHOPFER,JM
BNGRACE,BN
